Name,City,State,Coordinates,Ratings 
Araku Valley,Vishakapatanam,Andhra Pradesh,"18.3273° N, 82.8775° E",4
Prakasam Barrage,Vijayawada,Andhra Pradesh,"16.5074° N, 80.6052° E",4.6
Rama Krishna Beach,Vishakapatanam,Andhra Pradesh,"17.7142° N, 83.3237° E",4.5
Konda Reddy Fort ,Kurnool,Andhra Pradesh,15°50′1.46″N 78°2′55.04″E,4.5
 Srikalahasthi Temple,Tirupati,Andhra Pradesh,"13.7494° N, 79.6983° E",4.7
Kanaka Durga Temple,Vijayawada,Andhra Pradesh,"16.5154° N, 80.6059° E",4.7
Sri Venkateswara Swamy Vaari Temple,Tirupati,Andhra Pradesh,"13.6833° N, 79.3474° E",4.7
Sri Veera Venkata Satyanarayana Swamy,Annavaram,Andhra Pradesh,"17.2827° N, 82.4010° E",4.7
Godavari Arch Bridge ,Rajamahendravaram,Andhra Pradesh,17°00′28.2″N 81°45′21″E,4.5
Ethipothala Falls,Palnadu,Andhra Pradesh,"16.5343° N, 79.4028° E",4.4
Srisailam Reservoir,Srisailam,Andhra Pradesh,,4.6
Sri Bhramaramba Mallikarjuna Temple,Srisailam,Andhra Pradesh,"16.0733° N, 78.8687° E",4.7
Borra Caves,Vishakapatanam,Andhra Pradesh,"18.2807° N, 83.0397° E",4.5
Lambasingi,Vishakapatanam,Andhra Pradesh,"17.8186° N, 82.4922° E",4.5
Veerabhadra Swamy Temple,Lepakshi,Andhra Pradesh,"13.8018° N, 77.6094° E",4.6
Maredumilli,Rajahmahendravaram,Andhra Pradesh,"17.5983° N, 81.7135° E",4.5
Gandikota Fort,Kadapa,Andhra Pradesh,14.813433°N 78.284757°E,4.5
Vanjangi,Vishakapatanam,Andhra Pradesh,"18.0369° N, 82.6619° E",4.5
Iskon Temple,Ananthapuram,Andhra Pradesh,"14°43'20""N 77°36'15""E",4
Undavalli Caves ,Vijayawada,Andhra Pradesh,16.4957°N 80.5800°E,4.2
Sri Aurobindo Ashram,Pondicherry,Tamilnadu,11.55°N 79.47°E,4.4
Kodaikanal,Dindugul,Tamilnadu,"10.2381° N, 77.4892°E",4.5
Bhagavathi Amman Temple,Kanyakumari,Tamilnadu,"8.0883° N, 77.5385° E",4
Brihadeshwara temple,Thanjavur,Tamilnadu,"10.7828° N, 79.1318° E",4.8
Dhanushkodi,Pamban island,Tamilnadu,"9.1794° N, 79.4183° E",4.5
Marudhamalai Arulmigu Subramanya Swami Temple,Coimbatore,Tamilnadu,"11.0465° N, 76.8518° E",4.7
Marina Beach,Chennai,Tamilnadu,"13.0500° N, 80.2824° E",4.3
Kapaleeshwarar Temple (Lord Shiva ),Chennai,Tamilnadu,13°02′0″N 80°16′6″E,4.8
Madhura Meenakshi Temple,Madhurai,Tamilnadu,"9.9195° N, 78.1193° E",4.5
Covelong Beach ,Chennai,Tamilnadu,"12.7898° N, 80.2542° E",4
Vivekananda Rock memorial ,Kanyakumari ,Tamilnadu,"8.0781° N, 77.5553° E",4.6
Maha Shiva Adiyogi Statue ,Coimbatore ,Tamilnadu,"10.9725° N, 76.7405° E",4.7
Ramanathaswamy Temple ,Rameswaram ,Tamilnadu,9.288106°N 79.317282°E,4.6
Thillai Nataraja Temple,Chidambaram,Tamilnadu,"11.3993° N, 79.6935° E",4.7
Vellore Fort,Vellore,Tamilnadu,"12.9211° N, 79.1295° E",4.3
Sri Lakshmi Narayani Golden Temple,Vellore,Tamilnadu,"12.8741° N, 79.0883° E",4.4
Five Falls,Courtallam,Tamilnadu,"8°55'52""N, 77°14'18""E",4.5
Kamakshi Amman Temple,Kanchipuram,Tamilnadu,"12.8407° N, 79.7032° E",4.7
Chettinad Maharaja's Palace,Chettinad,Tamilnadu,"10.1746° N, 78.7794° E",4.4
Sri Ranganatha Swamy Temple,Tiruchirapalli,Tamilnadu,10°51′45″N 78°41′23″E,4.6
Sree Padmanabhaswamy Temple,Thiruvananthapuram,Kerala,"8.4828° N, 76.9436° E",4.8
Periyar National Park,Idukki,Kerala,"9.4622° N, 77.2368° E",4.3
Eravikulam National Park,Munnar,Kerala,"10.1377° N, 77.0608° E",4.3
Alappuzha Beach,Alappuzha,Kerala,"9.4927° N, 76.3178° E",4.5
Vizhinjam Lighthouse,Kovalam,Kerala,8°22′59″N 76°58′48″E,4.6
Wayanad Wildlife Sanctuary,Wayanad,Kerala,"11.6716° N, 76.3687° E",4.1
Cherai Beach,Kochi,Kerala,"10.1416° N, 76.1783° E",4.4
Athirappilly Water Falls,Thrissur,Kerala,"10.2851° N, 76.5698° E",4.6
Jatayu Earth's Center,Chadayamangalam,Kerala,8°51′57″N 76°52′02″E,4.4
Palakkad Fort,Palakkad,Kerala,"10.7637° N, 76.6571° E",4.3
Santa Cruz Cathedral Basilica Fort Kochi,Kochi,Kerala,"9.9649° N, 76.2428° E",4.5
Cheeyapara Waterfalls,Munnar,Kerala,"10.0539° N, 76.8294° E",4.3
Kozhikode Beach,Khozhikode,Kerala,"11.2626° N, 75.7673° E",4.5
Ashtamudi Lake,Ashtamudi,Kerala,"8.9592° N, 76.5777° E",4.5
Idukki Dam,Idukki,Kerala,"9.8434° N, 76.9763° E",4.5
Kizhunna Beach,Kannur,Kerala,"11.8280° N, 75.4129° E",4.5
Tea Museum,Munnar,Kerala,10.095544°N 77.050717°E,3.8
Valiyaparamba,Kasargod,Kerala,"12.1510° N, 75.1420° E",4.4
Silent Valley National Park,Mannarkkad,Kerala,"11.0694° N, 76.4280° E",4.5
Pampadum Shola National Park,Idukki,Kerala,10°8′38″N 77°16′1″E,4.5
Jog Falls,Shivamogga,Karnataka,"14.2294° N, 74.8125° E",4.6
Raja's Seat (Coorg),Madikeri,Karnataka,"12.4151° N, 75.7378° E",4.3
Sri Bhootanaatha Gudi,Badami,Karnataka,"15.9208° N, 75.6877° E",4.7
Mysore palace ,Mysore ,Karnataka,"12.3052° N, 76.6552° E",4.6
Virupaksha Temple,Hampi,Karnataka,"15.3351° N, 76.4587° E",4.7
Om Beach,Gokarna,Karnataka,"14.5192° N, 74.3230° E",4.5
St. Mary's Island,Udupi,Karnataka,"13.3792° N, 74.6733° E",4.5
Mullayanagiri Peak,Chikkamagaluru,Karnataka,"13.3909° N, 75.7213° E",4.7
Lotus Mahal,Hampi,Karnataka,"15.3203° N, 76.4713° E",4.6
Nagarahole Tiger Reserve,Hunsur,Karnataka,"12°15'37.69""N, 76°17'34.4""E",4.4
Lalbagh Botanical Garden,Bengaluru ,Karnataka,"12.9507° N, 77.5848° E",4.4
Nandi Hills,Chikballapur,Karnataka,"13.3702° N, 77.6835° E",4
Sri Murudeshwara Shiva temple,Murdeshwar,Karnataka,"14.0937° N, 74.4848° E",4.7
Sri Mahabaleshwara Swami Temple,Gokarna,Karnataka,14°32′36″N 74°18′59″E,4.6
Visvesvaraya Industrial & Technical Museum,Bengaluru ,Karnataka,12.975100°N 77.596400°E,4.6
Tipu Sultan's Summer Palace,Bengaluru ,Karnataka,"12.9594° N, 77.5736° E",3.9
Bengaluru Palace,Bengaluru ,Karnataka,"12.9988° N, 77.5921° E",4.2
ISKCON temple Bangalore,Bengaluru ,Karnataka,"13.0098° N, 77.5511° E",4.6
Sykes Point,Dandeli,Karnataka,"15°5'0""N 74°38'55""E",4.7
Cubbon Park,Bengaluru ,Karnataka,"12.9779° N, 77.5952° E",4.4
Charminar ,Hyderabad ,Telangana,"17.3616° N, 78.4747° E",4.5
Golconda Fort,Hyderabad ,Telangana,"17.3833° N, 78.4011° E",4.4
Birla Mandir,Hyderabad ,Telangana,"17.4062° N, 78.4691° E",4.7
Salar Jung Museum,Hyderabad ,Telangana,"17.3716° N, 78.4802° E",4.4
Thousand Pillar Temple,Warangal ,Telangana,18°00′13.4″N 79°34′29.1″E,4.5
Ramappa Temple,Mulugu,Telangana,"18.2593° N, 79.9433° E",4.7
Statue Of Equality,Muchintal,Telangana,17.1860°N 78.3332°E,4.6
Ramoji Film City,Abdullahpurmet,Telangana,"17.2543° N, 78.6808° E",4.4
Sri Lakshmi Narasimha Swamy Temple,Yadagiri gutta,Telangana,"17.5889° N, 78.9443° E",4.5
Chowmahalla palace ,Hyderabad ,Telangana,"17.3578° N, 78.4717° E",4.4
Kuntala water falls,Adilabad,Telangana,"19.2847° N, 78.5033° E",4.3
Indira park,Hyderabad,Telangana,"17.4140° N, 78.4840° E",4.2
warangal fort,Warangal ,Telangana,"17.9561° N, 79.6147° E",4.4
Medak fort,Medak,Telangana,"18.0435° N, 78.2572° E",4.1
Nagarjuna Sagar Dam,Nalgonda,Telangana,"16.5760° N, 79.3124° E",4
Taj Falaknuma Palace,Hyderabad,Telangana,"17.3315° N, 78.4675° E",4.6
Mallela Thirtham Waterfall,Nagar kurnool,Telangana,16°15′58″N 78°51′23″E,4.4
Mecca masjid,Hyderabad,Telangana,"17.3604° N, 78.4736° E",4.7
Anantagiri Hills,Vikarabad,Telangana,"17.3120° N, 77.8636° E",4.4
Hussain Sagar,Hyderabad,Telangana,"17.4239° N, 78.4738° E",4.3
Chhatrapati Shivaji Maharaj Terminus,Mumbai,Maharashtra,"18.9398° N, 72.8354° E",4.5
Ajanta Caves,Aurangabad,Maharashtra,"20.5519° N, 75.7033° E",4.6
Ellora Caves,Ellora,Maharashtra,"20.0258° N, 75.1780° E",4.6
Tadoba-Andhari National Park,Chandrapur,Maharashtra,"20.2484° N, 79.3607° E",4.5
Shree Siddhivinayak Temple,Prabhadevi,Maharashtra,"19.0168° N, 72.8303° E",4.8
Sanjay Gandhi National Park,Mumbai,Maharashtra,"19.2288° N, 72.9182° E",4.3
Lohagad Fort,Lonavala,Maharashtra,"18.7102° N, 73.4759° E",4.3
Shaniwar Wada,Pune,Maharashtra,"18° 31' 9"" N, 73° 51' 19"" E",4.3
Sinhagad Fort,Pune,Maharashtra,"18.3663° N, 73.7559° E",4.6
Aga Khan Palace,Pune,Maharashtra,"18.5525° N, 73.9015° E",4.3
Pawna Lake,Pune,Maharashtra,"18.6668° N, 73.4858° E",4.5
Kanheri Caves,Mumbai,Maharashtra,"19.2059° N, 72.9069° E",4.5
Karla Caves,Lonavala,Maharashtra,"18.7833° N, 73.4704° E",4.4
Sydney Point,Panchgani,Maharashtra,"17.9367° N, 73.8058° E",4.4
Gateway Of India Mumbai,Mumbai,Maharashtra,"18.9220° N, 72.8347° E",4.6
Tadoba-Andhari National Park,Chandrapur,Maharashtra,"20.2484° N, 79.3607° E",4.5
Harishchandragad,Ahmednagar,Maharashtra,"19.3864° N, 73.7781° E",4.7
Elphinstone Point,Mahabaleshwar,Maharashtra,"17.9639° N, 73.6277° E",4.5
Aurangabad Caves,Aurangabad ,Maharashtra,"19.9172° N, 75.3119° E",4.4
Karnala Bird Sanctuary,Raigad,Maharashtra,"18.8910° N, 73.1219° E",4.3
Chitrakote Waterfalls,Bastar,Chhattisgarh,"19.2072° N, 81.7001° E",4.6
Indravati National Park,Bijapur,Chhattisgarh,"19.2059° N, 81.0313° E",4.1
Tirathgarh Waterfall,Tirathgar,Chhattisgarh,"18.9139° N, 81.8651° E",4.6
Maikal Hills,Kawardha,Chhattisgarh,"22.5000° N, 81.5000° E",4.3
Amritdhara Waterfall,Bharatpur,Chhattisgarh,23°19'55 N 82°19'14 E,4.4
Maa Bamleshwari Temple,Dongargarh,Chhattisgarh,"21° 10′ 46″ N, 80° 45′ 9″ E",4.6
Bailadila Range,Kirandul,Chhattisgarh,"18.7678° N, 81.2299° E",4.3
Main Gate Tandula Dam Balod,Balod,Chhattisgarh,"20.7023° N, 81.2224° E",4.3
Kanger Ghati National Park,jagdalpur,Chhattisgarh,"18.7787° N, 81.9971° E",4.2
Tiger Point ,Narbadapur,Chhattisgarh,"22.8282° N, 83.3633° E",4.2
Marine Drive (Telibandha Lake),Raipur,Chhattisgarh,"21.2378° N, 81.6651° E",4.6
Vivekananda Sarovar ,Raipur,Chhattisgarh,"21.2325° N, 81.6343° E",4.3
Chandi Mata Temple ,Surajpur,Chhattisgarh,"23.6005° N, 83.0003° E",4.4
Gangrel Dam,Dhamtari,Chhattisgarh,"20.6167° N, 81.5697° E",4
Jaljali Mainpat,Kamleshwarpur,Chhattisgarh,"22.8211° N, 83.2529° E",4.2
Bhoramdeo Temple,Kawardha,Chhattisgarh,"22.1151° N, 81.1482° E",4.4
Kotumsar Cave,Bastar,Chhattisgarh,18052'09”N; 81056'05” E,4.4
Achanakmar Wildlife Sanctuary,Mungeli,Chhattisgarh,"22.5052° N, 81.7787° E",4.2
Barnawapara Wildlife Sanctuary,Nanwapara,Chhattisgarh,"21.4511° N, 82.5186° E",4.4
Maitri Bagh Zoo,Bhilai,Chhattisgarh,"21.1688° N, 81.3520° E",4
Kanha Tiger Reserve,Mandla,Madhya Padesh,"22.3345° N, 80.6115° E",4.5
Gwalior Fort,Gwalior,Madhya Padesh,"26.2313° N, 78.1695° E",4.5
Mahakaleshwar Jyotirlinga,Ujjain,Madhya Padesh,"23.1827° N, 75.7682° E",4.8
Shri Panch Pandav Caves,Pachmarhi,Madhya Padesh,"22.4584° N, 78.4323° E",4.2
Sanchi Stupa,Sanchi,Madhya Padesh,"23.4794° N, 77.7397° E",4.6
Dhuandhar Waterfall,Jabalpur,Madhya Padesh,"23.1263° N, 79.8075° E",4.4
Bhimbetka rock shelters,Amchha Khurd,Madhya Padesh,"22.9395° N, 77.6124° E",4.5
Khajuraho,Chhatarpur,Madhya Padesh,"24.8318° N, 79.9199° E",4
Omkareshwar,Khandwa,Madhya Padesh,"22.2481° N, 76.1421° E",4.7
Lal Bagh Palace,Indore,Madhya Padesh,"22.7001° N, 75.8471° E",4.2
Patalpani Water Falls,Indore,Madhya Padesh,"22° 30′ 16.09″ N ,75° 47′ 57.98″ E",4.3
Balancing Rock,Jabalpur,Madhya Padesh,"23.1486° N, 79.9047° E",4.3
Bee Falls,Pachmarhi,Madhya Padesh,"22.4751° N, 78.4073° E",4.6
Shri Ram Ghat,Ujjain,Madhya Padesh,"23.1861° N, 75.7640° E",4.5
Taj Ul Masajid Bhopal,Bhopal,Madhya Padesh,23.262934°N 77.392802°E,4.6
Rajwada Palace,Indore,Madhya Padesh,"22.7185° N, 75.8547° E",4.4
Udaigiri Caves,Vidisha,Madhya Padesh,"23.5363° N, 77.7722° E",4.3
Konark Sun Temple,Puri,Odisha,"19.8876° N, 86.0945° E",4.7
Shree Jagannath Temple,Puri,Odisha,"19.8049° N, 85.8179° E",4.7
Lingaraj temple,Bhubaneswar,Odisha,"20.2383° N, 85.8340° E",4.6
Similipal National Park,Baripada,Odisha,"21.5931° N, 86.2945° E",4.3
Udayagiri and Khandagiri Caves,Bhubaneswar,Odisha,"20.2625° N, 85.7847° E",4.4
Golden Beach,Puri,Odisha,"19.7947° N, 85.8253° E",4.5
Nandankanan Zoological Park,Bhubaneswar,Odisha,"20.3958° N, 85.8260° E",4.4
Mukteswara Temple,Bhubaneswar,Odisha,"20.2427° N, 85.8404° E",4.7
Rajarani Temple,Bhubaneswar,Odisha,"20.2435° N, 85.8435° E",4.4
Parsurameswara Temple,Bhubaneswar,Odisha,"20.2431° N, 85.8391° E",4.6
Gopalpur Beach,Gopalpur,Odisha,"19.2547° N, 84.9059° E",4.5
Barabati Kataka Fort,Cuttack,Odisha,20°29′1.32″N 85°52′3.36″E,4.5
Chausathi yogini Temple hirapur,Hirapur,Odisha,"20.2250° N, 85.8787° E",4.6
State Tribal Museum,Bhubaneswar,Odisha,"20.2830° N, 85.8068° E",4.6
Cuttack Chandi Temple,Cuttack,Odisha,20°28′38.08″N 85°51′45.23″E,4.7
Chilika Lake,Ganjam,Odisha,"19.8450° N, 85.4788° E",4.3
Mahadev Chandrashekhar Temple,Patia,Odisha,"20°40'54.4""N 85°45'47.1""E",4.6
Chandaka Forest,Cuttack,Odisha,"20.3488° N, 85.6640° E",4.3
Swargadwar Sea Beach,Puri,Odisha,"19.7918° N, 85.8158° E",4.5
Karlapat Wild Life Sanctuary,Kalahandi,Odisha,"19°40'19.8""N 83°02'10.1""E",4.2
Gir National Park,Talala Gir,Gujarat,"21.1243° N, 70.8242° E",4.4
Shree Somnath Jyotirling Temple,Veraval,Gujarat,"20.8880° N, 70.4010° E",4.8
Sabarmati Ashram,Ahmedabad,Gujarat,"23.0608° N, 72.5809° E",4.6
Statue Of Unity,Kevadia,Gujarat,"21.8380° N, 73.7191° E",4.6
Rani Ki Vav,Patan,Gujarat,"23.8589° N, 72.1019° E",4.6
Champaner-Pavagadh Archaeological Park,Panchmahal,Gujarat,"22.4846° N, 73.5324° E",4.4
Shree Dwarkadhish Temple,Dwarka,Gujarat,"22.2376° N, 68.9674° E",4.7
The Adalaj Stepwell,Adalaj,Gujarat,"23.1667° N, 72.5801° E",4.4
Kankaria Lake,Maninagar,Gujarat,"23.0063° N, 72.6026° E",4.5
Modhera Sun Temple,Mehsana,Gujarat,"23.5835° N, 72.1330° E",4.6
Dumas Beach,Surat,Gujarat,"21.0838° N, 72.7093° E",4.2
Sidi Saiyyed Mosque,Ahmedabad,Gujarat,1.3132°N 103.9126°E,4.6
Shri Nageshvar Jyotirling,Dwarka,Gujarat,"22.3360° N, 69.0870° E",4.7
Sabarmati Riverfront,Ahmedabad,Gujarat,"23.0235° N, 72.5766° E",4.6
Jami Masjid,Ahmedabad,Gujarat,23.023822°N 72.587222°E,4.6
BAPS Akshardham Temple,Gandhinagar,Gujarat,"23°13′45″ N, 72°40′27″ E",4.6
PRAGMAHAL,Bhuj,Gujarat,"23.2546° N, 69.6685° E",4.2
Aaina Mahal Palace,Bhuj,Gujarat,23.25530°N 69.66877°E,4.2
Mahatma Gandhi Museum,Rajkot,Gujarat,"28.6383° N, 77.2501° E",4.5
Sakkarbaug Zoological Park,Junagadh,Gujarat,21.542°N 70.465°E,4.3
Dalma Wildlife Sanctuary,Jamshedpur,Jharkhand,"22.8966° N, 86.2061° E",4.2
Dassam Falls,Taimara,Jharkhand,"23.1463° N, 85.4672° E",4.4
Hundru Waterfall,Ranchi,Jharkhand,"23.4505° N, 85.6681° E",4.3
Tagore Hill,Morabadi,Jharkhand,"23.4013° N, 85.3380° E",4.2
Ranchi Hill,Ranchi,Jharkhand,"23.3752° N, 85.3107° E",4.6
Betla National Park,Betla,Jharkhand,"23.8856° N, 84.1924° E",4.1
Ghatshila Rankini Mandir,Ghatshila,Jharkhand,"22.5795° N, 86.4823° E",4.5
Burudi Lake,Ghatshila,Jharkhand,"22.6488° N, 86.4959° E",4.4
Harihar Dham,Giridh,Jharkhand,24°4′12″N 85°49′16″E,4.4
Usri Falls,Gangapur,Jharkhand,24°5′47″N 86°22′14″E,4.3
Sanskriti Museum and Art Gallery,Hazaribagh,Jharkhand,24°00′32″N 85°22′41″E,4.2
Canary Hill Hazaribagh,Hazaribagh,Jharkhand,"24.0143° N, 85.3941° E",4.4
Hazaribagh Wildlife Sanctuary,Pokharia,Jharkhand,"24.1430° N, 85.3822° E",3.9
Jharkhandi Shiv Ji Mandir,Dhanwar,Jharkhand,"24.3421° N, 86.0240° E",4.4
Parasnath,Giridih,Jharkhand,"23.9625° N, 86.1328° E",4.6
Baba Baidyanath Baba Dham,Deoghar,Jharkhand,"24.4925° N, 86.7000° E",4.7
Naulakha Temple,Deoghar,Jharkhand,"24.4776° N, 86.7084° E",4.4
Bihar Museum,Patna,Bihar,"25.6081° N, 85.1210° E",4.5
Mahabodhi Temple,Bodh Gaya,Bihar,"24.6959° N, 84.9914° E",4.7
Bodhgaya Bodhi Tree,Bodh Gaya,Bihar,"24.6959° N, 84.9912° E",4.7
Vishnupad Temple,Gaya,Bihar,"24.7774° N, 85.0093° E",4.5
Garib Nath Mandir,Muzaffarpur,Bihar,26°7′28″N 85°23′25″E,4.7
Saraiyaganj Tower,Muzaffarpur,Bihar,"26.1259° N, 85.3868° E",4.1
Barabar Caves,Sultanpur,Bihar,"25.0055° N, 85.0633° E",4.4
Dungeshwari,Gaya,Bihar,"24.73661, 85.04751",4.5
Nalanda Museum,Nalanda,Bihar,"25°8′12″N, 85°26′38″ E",4.5
Mahavirswami Jain water temple,Pawapuri,Bihar,"25° 5′ 28″ N, 85° 32′ 19″ E",4.5
Sri Mahavir Mandir,Patna,Bihar,25°36′14″N 85°8′11″E,4.8
Rajnagar Palace,Madhubani,Bihar,"26° 24′ 11.02″ N, 86° 10′ 13.01″ E",4.4
Manjhar Kund,Sasaram,Bihar,"24° 57′ 0″ N, 84° 1′ 48″ E",4.5
Sher Shah Suri Tomb,Sasaram,Bihar,"24° 56′ 55.94″ N, 84° 0′ 38.26″ E",4.3
Subhash Park Biharsharif,Bihar Sharif,Bihar,"25.2041° N, 85.5141° E",3.8
Wat Thai Nalanda Temple,Bargaon,Bihar,"25.1281° N, 85.4432° E",4.5
Ruins Of The Fort of Lichhavi King Vishal,Basarh,Bihar,"25.9871° N, 85.1270° E",4.3
Takhat Sri Harimandir Ji (Patna Sahib),Gurudwara,Bihar,"25.5962° N, 85.2300° E",4.7
Munger Fort,Munger,Bihar,"25.3789° N, 86.4700° E",4.3
Hieun Tsang Memorial Hall,Kundalpur,Bihar,"25.1450° N, 85.4538° E",4.4
Howrah Bridge,Kolkata,West Bengal,"22.5851° N, 88.3468° E",4.6
Victoria Memorial,Kolkata,West Bengal,"22.5448° N, 88.3426° E",4.6
Eco Park,Newtown,West Bengal,"22.6031° N, 88.4671° E",4.5
Indian Museum,Kolkata,West Bengal,"22.5579° N, 88.3511° E",4.5
Dakshineswar Kali Temple,Kolkata,West Bengal,"22.6549° N, 88.3575° E",4.7
Belur Math,Belur,West Bengal,"22.63250°N, 88.35639°E",4.7
St. Paul's Cathedral,Kolkata,West Bengal,"22.5442° N, 88.3467° E",4.6
Science City Park(Akash),Kolkata,West Bengal,"22.5401° N, 88.3961° E",4.4
Fort William,Kolkata,West Bengal,"22.5542° N, 88.3359° E",4.6
Sundarban National Park,Kolkata,West Bengal,"21.8359° N, 88.8842° E",4.4
Hazarduari Palace,Murshidabad,West Bengal,"24.1862° N, 88.2687° E",4.5
Acharya Jagadish Chandra Bose Indian Botanic Garden,Howrah,West Bengal,"22.5587° N, 88.2911° E",4.4
Peace Pagoda,Darjeeling,West Bengal,"27.0276° N, 88.2590° E",4.6
Observatory Hill View Point,Darjeeling,West Bengal,"27.0499° N, 88.2660° E",4.6
Millennium Park,Kolkata,West Bengal,"22.5728° N, 88.3445° E",4.1
Bengal Safari,Siliguri,West Bengal,"26.7919° N, 88.4492° E",4.2
James Prinsep Ghat,Kolkata,West Bengal,"22.5567806°N, 88.3316000°E",4.5
Raiganj (Kulik) Bird & Wildlife Sanctuary,Uttar Dinajpur,West Bengal,"25° 38′ 13.2″ N, 88° 7′ 15.6″ E",4.3
Mahananda Wildlife Sanctuary,Darjeeling,West Bengal,"26.7962° N, 88.3630° E",4.3
Batasia Loop,Darjeeling,West Bengal,"27.0167° N, 88.2475° E",4.4
Ujjayanta Palace Museum,Agartala,Tripura,"23.5010°N , 91.1657°E",4.5
Heritage Park,Agartala,Tripura,"23.8565° N, 91.2849° E",4.2
Neermahal,Rudijala,Tripura,"23.5065° N, 91.3156° E",4.4
Unakoti Rock Carvings,Uttar Unakuti R.F.,Tripura,"24° 19′ 0″ N, 92° 4′ 0″ E",4.5
Trishna Wild Life,Belonia,Tripura,"23° 26.137' N ,91° 28.184' E",3.9
Mekhlipara Tea Estate,Mekhlipara,Tripura,"23.8220° N, 91.3552° E",4
Jagannath Bari,Agartala,Tripura,"23.8363° N, 91.2805° E",4.5
Tripurasundari Temple,Matabari,Tripura,"23.5090° N, 91.4982° E",4.7
,Agartala,Tripura,"23.8312° N, 91.2902° E",4.4
Fourteen Gods' and Goddesses' Temple,Mekhlipara,Tripura,"23.8415° N, 91.3452° E",4.5
Kasba Kali Bari,Kamalasagar,Tripura,"23.7401639°N ,91.1598194°E",4.6
Montang Valley,Nunachhara R.F.,Tripura,"23.7694° N, 91.7376° E",4.5
Ummaheshwar Temple,Agartala,Tripura,"23.8376° N, 91.2818° E",4.5
Chakmaghat Park Teliamura,Uttar Gakulnagar,Tripura,"23.8332° N, 91.6811° E",4
College Tilla Lake,Agartala,Tripura,"23.8269° N, 91.2944° E",4.4
Math Chowmuhani Bazar,Dhaleswar,Tripura,"23.8315° N, 91.2923° E",3.9
Nehru Park,Agartala,Tripura,"23.8537° N, 91.2819° E",3.9
Jampui Hill,Vanghmun,Tripura,"23.9654° N, 92.2783° E",4.4
Rabindra Kanan,Agartala,Tripura,"23.8524° N, 91.2842° E",4.1
KHUMULWNG PARK,KHUMULWNG,Tripura,"23.79°N ,91.44°E",4.3
Umiam Lake,Umiam,Meghalaya,"25.6698° N, 91.9010° E",4.5
Mawsmai Cave,Cherrapunji,Meghalaya,"25.2446° N, 91.7241° E",4.5
Double Decker Living Root Bridge,Nongriat,Meghalaya,"25.2374° N, 91.6796° E",4.8
Don Bosco Museum ticket counter,Shillong,Meghalaya,"25.5926° N, 91.8858° E",4.4
Laitlum Canyon,Shillong,Meghalaya,"25.4488° N, 91.9090° E",4.7
Dainthlen Falls,Cherrapunji,Meghalaya,"25.2934° N, 91.6835° E",4.6
NohKaLikai Falls,Cherrapunji,Meghalaya,"25°16′32″N, 91°41′13″E",4.7
Elephant Falls,Shillong,Meghalaya,"25.5361° N, 91.8225° E",4.4
Wei Sawdong Falls,Cherrapunji,Meghalaya,"25.2912308°N ,91.6783496°E",4.8
Thangkharang Park,Sohra,Meghalaya,"25.2167° N, 91.7241° E",4.3
Seven Sisters Waterfall,Nohsngithiang,Meghalaya,25.243°N 91.743°E,4.4
Borhill Falls,Mawlynnong-Lyngkhat,Meghalaya,"25.1821° N, 91.9577° E",4.6
Vantawng Falls,Serchhip,Mizoram,"23.2344° N, 92.7512° E",4.2
Reiek,Aizawl,Mizoram,"23.6777° N, 92.6037° E",4.5
Tam Dil,Saitual,Mizoram,"23.7386° N, 92.9529° E",4.4
Dampa Tiger Reserve & Sanctuary,Phulbial,Mizoram,23.567°N 92.367°E,3.8
Palak Lake,Saiha,Mizoram,"22.2025° N, 92.8889° E",4.2
Rih Dil,Chin,Mizoram,"23.3407° N, 93.3849° E",4.5
Phawngpui,Aizawl,Mizoram,"22.631500°N ,93.0388000°E",4
Lengteng Wildlife Sanctuary,Saitual,Mizoram,"23.8125° N, 93.2483° E",4.2
Aizawl City View,Aizawl,Mizoram,"23.7602° N, 92.7348° E",4.5
"Solomon's Temple, Aizawl",Aizawl,Mizoram,"31.778013°N, 35.235367°E",4.4
Mizoram State Museum,Zarkawt,Mizoram,"23.7381° N, 92.7158° E",4.1
Folkland Park,Aizawl,Mizoram,"23.7284° N, 92.7411° E",4.2
Lalsavunga Park,Hlimen,Mizoram,"23.671606°N, 92.7180847°E",4.2
Thenzawl Dilpui,Thenzwal,Mizoram,"23.2650° N, 92.7555° E",4.4
Aizawl Zoological Park,Lungverh,Mizoram,"23.7899° N, 92.6708° E",3.8
Keibul Lamjao National Park,Bishnupur,Manipur,"24.4788° N, 93.8395° E",4.3
Kangla Fort,Imphal,Manipur,"24.8075° N, 93.9428° E",4.3
Shirui kashong (peak),Ukhrul,Manipur,"25.1067° N, 94.4569° E",4.4
Singda Dam,Kangchup,Manipur,"24.8863° N, 93.8064° E",4.2
Ima Market,Imphal,Manipur,"24.8072° N, 93.9341° E",4.2
Loktak Lake,Moirang,Manipur,"24.5593° N, 93.8147° E",4.6
Barak waterfall,Tamenglong,Manipur,,4
Khoupum Waterfall,Khoupum valley,Manipur,,4.3
Manipur State Museum,Kangla,Manipur,"24.8049° N, 93.9371° E",4.1
Shri Shri Govindaji Temple,Imphal,Manipur,"24.7980° N, 93.9482° E",4
Selloi Langmai Ecological Park,Andro,Manipur,"24.7792° N, 94.0028° E",4.1
Khongjom War Memorial Complex,Khongjom,Manipur,"24.5679° N, 94.0400° E",4.4
Kisama Heritage,Kohima,Nagaland,"25.6163° N, 94.1144° E",4.4
Sungkotenem Park,Mopungchuket,Nagaland,"26.3962° N, 94.5314° E",4.5
Shilloi Lake,Phek,Nagaland,"25.5956° N, 94.7931° E",4.3
Kohima Cathedral Church,Kohima,Nagaland,"25.6525° N, 94.1046° E",4.5
Saramati Peak,Thanamir,Nagaland,"25° 44' 24'' N, 95° 2' 15'' E",4.6
CommonWealth World War II Cemetry,Kohima,Nagaland,"25.66736 N,94.10373E",4.3
Puliebadze,Kohima,Nagaland,"25.6477° N, 94.0731° E",4.3
Dzükou Point,Kohima,Nagaland,"25° 33′ 12.52″ N, 94° 4′ 1.28″ E",4.3
Kapamodzü Peak,Phek,Nagaland,"25.5273° N, 94.2964° E",4.4
Tsumang Lake,Wokha,Nagaland,"26.0939° N, 94.2566° E",3.9
Khonoma Nature Conservation and Tragopan Sanctuary,Kohima,Nagaland,25°37′36″N 94°00′08″E,4
Longwa Nagaland,Longwa,Nagaland,"26.6654° N, 95.1883° E",4.2
Glory Peak,Phek,Nagaland,"25.5633° N, 94.2997° E",4.3
Doyang River,Japfü Hill,Nagaland,"26.2234° N, 94.2492° E",4.3
Pfutsero Lake,Kohima,Nagaland,"25.5692° N, 94.2918° E",4.1
Namdapha National Park & Tiger Reserve,Miao Changlang,Arunachal Pradesh,"27.4455° N, 96.5358° E",4.5
Golden Pagoda,Namsai,Arunachal Pradesh,"27.7725° N, 95.9748° E",4.6
Pakke Tiger Reserve,Kameng,Arunachal Pradesh,"27.0984° N, 92.8178° E",4.3
Tawang Monastery,Tawang,Arunachal Pradesh,"27.5867° N, 91.8577° E",4.6
Sela Pass,Tawang,Arunachal Pradesh,"27.5035° N, 92.1044° E",4.8
Bum La Pass,Tawang,Arunachal Pradesh,"27.7580° N, 91.7818° E",4.8
Deopani Bridge,Roing,Arunachal Pradesh,"28.1589° N, 95.8469° E",4.5
Hawa Camp (Lohit View),Lohit,Arunachal Pradesh,"27.9324° N, 96.3504° E",4.6
Gompa temple,Itanagar,Arunachal Pradesh,32°05′26″N 78°12′43″E,4.4
Ita Fort,Itanagar,Arunachal Pradesh,"27.092°N, 93.632°E",3.9
Ziro,Subansiri,Arunachal Pradesh,"27.5449° N, 93.8197° E",4
Tezu,Lohit district,Arunachal Pradesh,"27.9277° N, 96.1533° E",4.1
Bomdila Monastery,Bomdila,Arunachal Pradesh,"27.2705° N, 92.4186° E",4.6
Nuranang Falls,Tawang,Arunachal Pradesh,"27.5895355°N ,91.9840622°E",4
Daporijo,Subansiri,Arunachal Pradesh,"27.9863° N, 94.2205° E",4.5
Kamakhya Temple,Guwahati,Assam,"26.1664° N, 91.7052° E",4.5
Kaziranga National Park,Kanchanjuri,Assam,"26.5775° N, 93.1711° E",4.5
Manas National Park,Gobardhana,Assam,"26.6594° N, 91.0011° E",4.4
Nameri National Park And Forest Reserve,Sonitpur,Assam,"26.9324° N, 92.8772° E",4.3
Pobitora Wildlife Sanctuary,Morigaon,Assam,"26.2306° N, 92.0543° E",4.4
Umananda Temple,Baruah Souk,Assam,"26.1965° N, 91.7448° E",4.5
Assam State Museum,Mawhati,Assam,"26.1853352°N, 91.7519043°E",4.3
Majuli,Brahmaputra River,Assam,"27.0016° N, 94.2243° E",4.5
Kakochang Waterfall,Diffloo Grant,Assam,"26.7465° N, 94.2026° E",4.4
Orang National Park,Orang,Assam,"26.5538° N, 92.3320° E",4.2
Guwahati Planetarium,Uzan Bazar,Assam,"26.1914° N, 91.7520° E",4.3
Assam State Zoo cum Botanical Garden,Guwahati,Assam,"26.1632°N, 91.7868°E",4.1
Peacock Island,Guwahati,Assam,"26.1965° N, 91.7449° E",4.4
Srimanta Sankaradeva Kalakshetra,Batahguli,Assam,"26.1308° N, 91.8224° E",4.4
Dibru Saikhowa National Park,Laika Gaon,Assam,"27.6690° N, 95.3626° E",4.3
Padum Pukhuri,Tezpur,Assam,"26.6224° N, 92.7918° E",4.3
Haflong Lake,Haflong,Assam,"25.1656° N, 93.0162° E",4.1
Tocklai Tea Research Institute,Jorhat,Assam,"26.7289° N, 94.2281° E",4.3
Dipor Bil,Kamrup,Assam,"26.1177° N, 91.6494° E",4.5
Chandubi Lake,Kamrup,Assam,"25.8828° N, 91.4257° E",4.4
Bogibeel Bridge,Dhemaji ,Assam,"27.4099° N, 94.7587° E",4.5
Agnigarh,Tezpur,Assam,"26.6177° N, 92.8018° E",4.3
Mahabhairab Temple,Tezpur,Assam,"26.6342° N, 92.7963° E",4.7
Purva Tirupati Sri Balaji Temple,Betkuchi,Assam,"26.1164° N, 91.7250° E",4.7
Siva Dol,Sivasagar,Assam,"26.9889° N, 94.6331° E",4.7
Rumtek Dharma Chakra Centre,Gangtok,Sikkim,"27.2887° N, 88.5615° E",4.6
Khangchendzonga National Park,Sakkyong,Sikkim,"27.6672° N, 88.3246° E",4.6
Gurudongmar Lake,Mangan,Sikkim,"28.0258° N, 88.7097° E",4.9
Nathula,Dongkya Range,Sikkim,"27.3866° N, 88.8309° E",4.7
Tsomgo Chho,East Sikkim,Sikkim,"27.3742° N, 88.7619° E",4.8
Baba Harbhajan Singh Temple,East Sikkim,Sikkim,"27.3659° N, 88.8379° E",4.7
Pemayangtse Monastery,Pelling,Sikkim,"27.3052° N, 88.2515° E",4.6
Ban Jhakri Falls Park,Gangtok,Sikkim,"27° 21′ 3″ N, 88° 36′ 13″ E",4.4
Do Drul Chorten,Tadong,Sikkim,"27.3128° N, 88.6048° E",4.4
Khecheopalri Lake,Khecheopalri,Sikkim,"27.3492° N, 88.1883° E",4.5
Hanuman Temple,Gangtok,Sikkim,"27°20′52″N, 88°37′43″E",4.7
Kangchenjunga,Taplejung,Sikkim,"27.7025° N, 88.1475° E",4.7
Buddha Park,Ravangla,Sikkim,"27.3144° N, 88.3633° E",4.8
Bakthang Waterfall,Gangtok,Sikkim,"27.3578° N, 88.6235° E",4.3
M.G MARKET,Arithang,Sikkim,"27.3283° N, 88.6124° E",4.5
Zero Point,Katao,Sikkim,"27.9305° N, 88.7346° E",4.7
Ganesh Tok,Sungava,Sikkim,"27.3415° N, 88.6213° E",4.5
Char Dham Temple,Namchi,Sikkim,,4.7
Naga Falls,Naga-Namgor,Sikkim,"27.5427° N, 88.6297° E",4.5
Sikkim Himalayan Zoological Park,Sungava,Sikkim,"27.3567° N, 88.6300° E",4.3
Singshore Suspension Bridge,Pelling,Sikkim,"27.2604° N, 88.1130° E",4.6
Taj Mahal,Agra,Uttar Pradesh,"27.1751° N, 78.0421° E",4.6
Shri Kashi Vishwanath Temple,Varanasi,Uttar Pradesh,"25.3109° N, 83.0107° E",4.7
Bara Imambara,Lucknow,Uttar Pradesh,"26.8693° N, 80.9126° E",4.4
Agra Fort,Agra,Uttar Pradesh,"27.1795° N, 78.0211° E",4.5
Akbar Fort,Prayagraj,Uttar Pradesh,"25.4295° N, 81.8768° E",4.3
Prem Mandir Vrindavan,Vrindavan,Uttar Pradesh,"27.5718° N, 77.6719° E",4.8
Shri Krishna Janmasthan,Mathura,Uttar Pradesh,"27.504748°N ,77.669754°E",4.7
Chota Imambara,Husainabad,Uttar Pradesh,"26.8743° N, 80.9047° E",4.5
Khusro Bagh,Prayagraj,Uttar Pradesh,"25.4423° N, 81.8210° E",4.2
Rumi Darwaza,Lucknow,Uttar Pradesh,"26.8712° N, 80.9121° E",4.6
Allahabad Museum,Prayagraj,Uttar Pradesh,"25.4573° N, 81.8484° E",4.3
Jhansi Fort,Jhokan Bagh,Uttar Pradesh,"25.4576° N, 78.5765° E",4.4
Shri Hanuman Garhi Mandir,Ayodhya,Uttar Pradesh,"26.7953° N, 82.2016° E",4.7
Sankatmochan Temple,Varanasi,Uttar Pradesh,"25.2828° N, 83.0001° E",4.7
Nawab Wajid Ali Shah Zoological Garden,Lucknow,Uttar Pradesh,"26.8454° N, 80.9517° E",4.3
Anand Bhawan Museum,Prayagraj,Uttar Pradesh,"25.459376°N, 81.8599815°E",4.2
Ambedkar Memorial Park,Gomti Nagar,Uttar Pradesh,"26.8462° N, 80.9785° E",4.3
Kanpur Zoological Park,Kanpur,Uttar Pradesh,"26.5029° N, 80.3031° E",4.2
Shri Mankameshwar Mandir,Agra,Uttar Pradesh,"27.1837° N, 78.0175° E",4.7
Chunar Fort,Mirzapur,Uttar Pradesh,"25° 7′ 31.97″ N,82° 52′ 28.29″ E",4.1
Ranthambore National Park,Sawai Madhopur,Rajasthan,"26.0173° N, 76.5026° E",4.5
Hawa Mahal,Jaipur,Rajasthan,"26.9239° N, 75.8267° E",4.4
Chittorgarh Fort,Chittorgarh,Rajasthan,"24.8879° N, 74.6451° E",4.6
City Palace,Jaipur,Rajasthan,"26.9258° N, 75.8237° E",4.4
Amber Palace,Amer,Rajasthan,"26.9855° N, 75.8513° E",4.6
Lake Pichola,Udaipur,Rajasthan,"24.5720° N, 73.6790° E",4.6
Mehrangarh Museum Trust,Jodhpur,Rajasthan,"26.2997° N, 73.0194° E",4.6
Jagdish Temple,Udaipur,Rajasthan,"24.5797° N, 73.6836° E",4.7
Bagore Ki Haveli,Pichola,Rajasthan,"24.5800° N, 73.6822° E",4.5
Shri Ekling Ji Temple,Udaipur,Rajasthan,"23.7848° N, 73.5215° E",4
Jantar Mantar,Jaipur,Rajasthan,"26.9248° N, 75.8246° E",4.5
Jaisalmer Fort,Jaisalmer,Rajasthan,"26.9125° N, 70.9126° E",4.4
Ranakpur Jain Temple,Sadri,Rajasthan,"25.1157° N, 73.4729° E",4.7
Jagmandir,Pichola,Rajasthan,"24.5676° N, 73.6778° E",4.4
Maharana Pratap Museum,Haldighati,Rajasthan,"24.8844° N, 73.6912° E",4.5
Fateh Sagar Lake,Udaipur,Rajasthan,"24.6014° N, 73.6742° E",4.7
Shree Karni Mataji Temple,Deshnoke,Rajasthan,"27.7909° N, 73.3408° E",4.7
Nakki Lake,Mount Abu,Rajasthan,"24.5945° N, 72.7062° E",4.5
Dilwara Temples,Mount Abu,Rajasthan,"24.6094° N, 72.7230° E",4.6
Ranakpur Jain Temple,Sadri,Rajasthan,"25.1157° N, 73.4729° E",4.7
Kingdom of Dreams,Gurgaon,Haryana,"28.4679° N, 77.0689° E",4.4
Brahma Sarovar,Thanesar,Haryana,"29.9614° N, 76.8286° E",4.7
Sultanpur National Park,Sultanpur,Haryana,"28.4613° N, 76.8904° E",4.1
Yadavindra Gardens,Pinjore,Haryana,"30.7941° N, 76.9147° E",4.3
Bhishma Kund,Kurukshetra,Haryana,"29.9386° N, 76.8126° E",4.4
Manesar,Gurgaon,Haryana,"28.3515° N, 76.9428° E",3.7
Morni,Panchkula,Haryana,"30.6873° N, 77.0877° E",3.9
Shirdi Sai Baba Temple,Faridabad,Haryana,"28.4152° N, 77.3166° E",4.8
Kabuli Bagh Masjid,Panipat,Haryana,"29°23′45″N, 76°59′21″E",4
Damdama Lake,Gurugram,Haryana,"28.3040° N, 77.1282° E",3.5
Sukhna Lake,Chandigarh,Haryana,"30.7421° N, 76.8188° E",4.6
The Golden Temple,Amritsar,Punjab,"31.6200° N, 74.8765° E",4.9
Jallianwala Bagh,Amritsar,Punjab,"31.6206° N, 74.8801° E",4.6
Mahendra Chaudhary Zoological Park,Zirakpur,Punjab,30.6036°N 76.7928°E,4.3
Partition Museum,Amritsar,Punjab,"31.6257° N, 74.8790° E",4.6
Devi Talab Mandir,Jalandhar,Punjab,"31.3435° N, 75.5828° E",4.7
Virasat-e-Khalsa,Chandigarh,Punjab,31°13′55″N 76°30′09″E,4.7
Qila Mubarak,Bathinda,Punjab,"30.2081° N, 74.9364° E",4.6
Fateh Burj,SAS Nagar,Punjab,30.70314°N 76.66792°E,4.5
Nehru Rose Garden,Ludhiana,Punjab,"30.9082° N, 75.8251° E",4.4
Wagah,Hardo Rattan,Punjab,"31.6048° N, 74.5741° E",4.6
Akal Takht,Gurudwara,Punjab,"31.6206° N, 74.8754° E",4.8
Gulmarg Gondola,Gulmarg,Jammu and Kashmir ,"34.0456° N, 74.3844° E",4.4
Khilanmarg,Gulmarg,Jammu and Kashmir ,"34.0476° N, 74.3854° E",4.6
Gulmarg Backcountry,Gulmarg,Jammu and Kashmir ,"34.0473° N, 74.3819° E",4.5
Kashmir gulmarg,Gulmarg,Jammu and Kashmir ,"34.0484° N, 74.3805° E",4.6
Buta Pathri,Gulmarg,Jammu and Kashmir ,"34.0610° N, 74.3790° E",4.8
Vaishno Devi,Katra,Jammu and Kashmir ,"33.0308° N, 74.9490° E",4.6
Amarnath,Anantnag,Jammu and Kashmir ,"34.2157° N, 75.5041° E",4.5
Yusmarg,Yousmarg,Jammu and Kashmir ,"33.8316° N, 74.6644° E",4.4
Kishtwar National park ,Forest Block,Jammu and Kashmir ,"33.6187° N, 75.9933° E",4.2
Dachigam National Park,Dachigam,Jammu and Kashmir ,"34.1372° N, 75.0377° E",4.4
Pangong Tso,Leh,Ladakh,"33.7595° N, 78.6674° E",4.8
Nubra Valley,Leh,Ladakh,"34.6863° N, 77.5673° E",4.4
Thiksey Monastery,Thiksey,Ladakh,"34.0568° N, 77.6670° E",4.7
Khardung La,Leh,Ladakh,"34.2787° N, 77.6047° E",4.8
Diskit Gompa,Diskit,Ladakh,34°32′28″N 77°33′37″E,4.7
Shalimar Bagh Mughal Garden,Srinagar,Jammu and Kashmir ,"34.1485° N, 74.8696° E",4.4
Dal Lake,Srinagar,Jammu and Kashmir ,"34.1106° N, 74.8683° E",4.7
Betaab Valley,Fraslana,Jammu and Kashmir ,"34.0541° N, 75.3639° E",4.6
Wular Lake,Bandipora,Jammu and Kashmir ,"34.3696° N, 74.5580° E",4.4
Shanti Stupa,Leh,Ladakh,"34.1736° N, 77.5750° E",4.7
Leh Palace,Leh,Ladakh,"34.1660° N, 77.5866° E",4.3
Hemis National Park,Karakoram-West Tibetan Plateau,Ladakh,"33.7187° N, 77.3882° E",4.4
Gurudwara Pathar Sahib,Phey,Ladakh,"34.1920° N, 77.3756° E",4.8
The Lamayuru Monastery,Lamayuru,Ladakh,"34.2830° N, 76.7742° E",4.6
